seed,rnn_type,hidden_size,num_layers,bidirectional,R2,MAE,MSE,RMSE,MAPE
2023,rnn,16,1,True,0.048318333645011,78.99678868385956,12068.539840938189,109.85690620501828,135.3489351500999
2023,rnn,16,1,False,-0.0315459998809424,76.92863500628343,13081.321661901016,114.3736056172971,107.70510092401386
2023,rnn,16,2,True,0.0507812069730976,78.91556439346822,12037.307459424484,109.714663830431,135.490634640297
2023,rnn,16,2,False,-0.0317247285675803,76.9255863437562,13083.588170074563,114.3835135413953,107.650311961163
2023,rnn,32,1,True,0.0573125532841132,79.3529164103434,11954.481640712058,109.33655217132127,138.4483595334567
2023,rnn,32,1,False,0.0485446336302389,78.94068198347621,12065.67006789928,109.84384401457952,135.411007861578
2023,rnn,32,2,True,0.06481128209778941,78.8151195922102,11859.388175487642,108.90081806620023,138.87850584179247
